"login","timestamp"
"test1","Tue Aug 27 11:55:32 2024"
"test1","Tue Aug 20 15:12:03 2024"
"test1","Wed Mar  1 07:43:49 2023"
"test1","Wed Mar  1 07:40:59 2023"
"test1","Wed Mar  1 14:36:20 2023"
"test1","Wed Mar  1 14:35:23 2023"
"test1","Wed Mar  1 14:34:55 2023"
"test1","Wed Mar  1 14:32:32 2023"
"test1","Wed Mar  1 14:30:58 2023"
"test1","Wed Mar  1 14:28:35 2023"
"test1","Wed Mar  1 14:26:18 2023"
"test1","Wed Mar  1 14:20:31 2023"
"test1","Wed Mar  1 14:18:59 2023"
"test1","Wed Mar  1 14:14:57 2023"
"test1","Wed Mar  1 07:11:20 2023"
"test1","Wed Mar  1 14:06:28 2023"
"test1","Wed Mar  1 14:04:53 2023"
"test1","Wed Mar  1 14:00:43 2023"
"test1","Wed Mar  1 13:59:42 2023"
"test1","Wed Mar  1 13:59:21 2023"
"test1","Wed Mar  1 13:58:23 2023"
"test1","Wed Mar  1 13:57:20 2023"
"test1","Wed Mar  1 13:56:01 2023"
"test1","Wed Mar  1 13:46:12 2023"
"test1","Wed Mar  1 13:43:38 2023"
"test1","Wed Mar  1 13:39:41 2023"
"test1","Wed Mar  1 06:32:49 2023"
"test1","Wed Mar  1 13:30:04 2023"
"test1","Wed Mar  1 13:29:17 2023"
"test1","Wed Mar  1 13:23:33 2023"
"test1","Wed Mar  1 13:22:59 2023"
"test1","Wed Mar  1 13:20:56 2023"
"test1","Wed Mar  1 13:12:29 2023"
"test1","Wed Mar  1 13:11:19 2023"
"test1","Wed Mar  1 10:37:31 2023"
"test1","Wed Mar  1 10:32:42 2023"
"test1","Wed Mar  1 10:23:52 2023"
"test1","Wed Mar  1 10:21:39 2023"
"test1","Wed Mar  1 10:18:43 2023"
"test1","Wed Mar  1 09:37:11 2023"
"test1","Wed Mar  1 09:31:09 2023"
"test1","Wed Mar  1 09:28:46 2023"
"test1","Wed Mar  1 09:24:53 2023"
"test1","Wed Mar  1 09:23:53 2023"
"test1","Wed Mar  1 09:19:25 2023"
"test1","Wed Mar  1 09:18:45 2023"
"test1","Wed Mar  1 09:18:09 2023"
"test1","Wed Mar  1 09:17:01 2023"
"test1","Wed Mar  1 09:16:05 2023"
"test1","Wed Mar  1 09:15:14 2023"
"test1","Wed Mar  1 09:10:23 2023"
"test1","Wed Mar  1 09:07:56 2023"
"test1","Wed Mar  1 09:05:26 2023"
"test1","Wed Mar  1 02:02:26 2023"
"test1","Wed Mar  1 09:01:25 2023"
"test1","Wed Mar  1 08:59:46 2023"
"test1","Wed Mar  1 08:58:34 2023"
"test1","Tue Feb 28 21:13:00 2023"
"test1","Tue Feb 28 21:10:22 2023"
"test1","Tue Feb 28 14:04:27 2023"
"test1","Tue Feb 28 20:55:28 2023"
"test1","Tue Feb 28 19:51:53 2023"
"test1","Tue Feb 28 19:50:15 2023"
"test1","Tue Feb 28 19:46:09 2023"
"test1","Fri Feb 24 02:07:06 2023"
"test1","Thu Feb 23 03:01:32 2023"
"test1","Wed Feb 22 06:15:19 2023"
"test1","Wed Feb 22 12:54:34 2023"
"test1","Wed Feb 22 03:37:47 2023"
"test1","Fri Feb 17 03:01:38 2023"
"test1","Fri Feb 10 10:52:07 2023"
"test1","Fri Feb 10 02:24:15 2023"
"test1","Thu Feb  9 10:33:46 2023"
"test1","Thu Feb  9 10:04:05 2023"
"test1","Thu Feb  9 10:01:49 2023"
"test1","Thu Feb  9 09:59:31 2023"
"test1","Thu Feb  9 09:58:38 2023"
"test1","Thu Feb  9 09:57:51 2023"
"test1","Thu Feb  9 09:57:15 2023"
"test1","Thu Feb  9 09:56:33 2023"
"test1","Thu Feb  9 09:55:45 2023"
"test1","Thu Feb  9 09:53:51 2023"
"test1","Thu Feb  9 09:52:05 2023"
"test1","Thu Feb  9 09:49:41 2023"
"test1","Thu Feb  9 09:38:35 2023"
"test1","Thu Feb  9 09:37:51 2023"
"test1","Mon Feb  6 17:53:28 2023"
"test1","Mon Feb  6 17:52:42 2023"
"test1","Mon Feb  6 09:31:38 2023"
"test1","Mon Feb  6 08:55:35 2023"
"test1","Mon Feb  6 15:50:59 2023"
"test1","Mon Feb  6 08:50:08 2023"
"test1","Mon Feb  6 08:11:38 2023"
"test1","Mon Feb  6 08:08:02 2023"
"test1","Mon Feb  6 12:17:32 2023"
"test1","Mon Feb  6 12:15:16 2023"
"test1","Mon Feb  6 12:13:35 2023"
"test1","Mon Feb  6 12:11:27 2023"
"test1","Mon Feb  6 12:09:25 2023"
"test1","Mon Feb  6 12:08:56 2023"
"test1","Mon Feb  6 12:00:18 2023"
"test1","Mon Feb  6 11:59:40 2023"
"test1","Mon Feb  6 11:58:57 2023"
"test1","Mon Feb  6 11:56:58 2023"
"test1","Mon Feb  6 11:55:00 2023"
"test1","Mon Feb  6 11:54:00 2023"
"test1","Mon Feb  6 11:53:32 2023"
"test1","Mon Feb  6 11:52:45 2023"
"test1","Mon Feb  6 11:51:56 2023"
"test1","Mon Feb  6 11:50:18 2023"
"test1","Mon Feb  6 11:49:21 2023"
"test1","Mon Feb  6 11:44:16 2023"
"test1","Mon Feb  6 11:42:16 2023"
"test1","Mon Feb  6 11:40:42 2023"
"test1","Mon Feb  6 10:22:44 2023"
"test1","Mon Feb  6 10:17:32 2023"
"test1","Mon Feb  6 10:07:36 2023"
"test1","Mon Feb  6 10:03:34 2023"
"test2","Mon Feb  6 09:36:55 2023"
"test1","Mon Feb  6 09:26:01 2023"
"test1","Mon Feb  6 09:24:23 2023"
"test1","Mon Feb  6 09:23:27 2023"
"test1","Mon Feb  6 09:21:43 2023"
"test1","Mon Feb  6 09:19:14 2023"
"test1","Mon Feb  6 09:18:20 2023"
"test1","Mon Feb  6 09:17:32 2023"
"test1","Fri Feb  3 13:07:31 2023"
"test1","Fri Feb  3 12:51:55 2023"
"test1","Fri Feb  3 12:51:03 2023"
"test1","Fri Feb  3 12:49:18 2023"
"test1","Fri Feb  3 12:48:28 2023"
"test1","Fri Feb  3 12:45:10 2023"
"test1","Fri Feb  3 11:56:45 2023"
"test1","Fri Feb  3 11:54:42 2023"
"test1","Fri Feb  3 11:51:20 2023"
"test1","Fri Feb  3 11:49:49 2023"
"test1","Fri Feb  3 11:47:56 2023"
"test1","Fri Feb  3 11:42:55 2023"
"test1","Fri Feb  3 11:32:27 2023"
"test1","Fri Feb  3 11:29:39 2023"
"test1","Fri Feb  3 11:29:06 2023"
"test1","Fri Feb  3 11:25:53 2023"
"test1","Fri Feb  3 11:17:32 2023"
"test1","Fri Feb  3 11:05:01 2023"
"test1","Fri Feb  3 10:53:47 2023"
"test1","Fri Apr 08 13:26:04 2022"
"test1","Fri Apr 08 13:24:52 2022"
"test1","Fri Apr 08 13:22:44 2022"
"test1","Fri Apr 08 13:17:59 2022"
"test1","Fri Apr 08 13:15:08 2022"
"test1","Fri Apr 08 13:03:39 2022"
"test1","Fri Apr 08 12:58:11 2022"
"test1","Wed Sep 15 06:23:01 2021"
"test1","Wed Sep 15 06:22:42 2021"
